No;X;Y;Size [µm];Locating ch. value;Ch. 1 value;
0;118;17;105,0;15,892;13,011;
1;155;15;92,9;16,070;13,558;
2;437;17;102,8;15,616;12,832;
3;473;14;94,0;15,837;13,186;
4;842;18;104,3;15,649;12,541;
5;1333;17;104,0;16,573;13,168;
6;1368;16;94,1;16,155;13,535;
7;81;19;106,5;15,978;17,476;
8;401;19;106,1;15,816;12,865;
9;880;18;102,4;15,686;12,692;
10;1296;20;106,8;16,270;13,065;
11;805;21;105,3;15,541;12,481;
12;678;20;106,4;15,308;12,405;
13;45;22;107,9;15,935;13,232;
14;329;22;107,5;15,876;12,865;
15;365;22;102,3;15,951;12,892;
16;642;22;101,3;15,081;12,308;
17;714;22;103,4;16,222;12,800;
18;769;25;103,4;15,508;12,681;
19;293;25;104,6;15,584;12,708;
20;1258;26;108,1;16,108;17,573;
21;606;27;102,6;15,897;16,854;
22;1218;27;108,5;16,227;17,757;
23;258;28;103,6;15,681;12,919;
24;1181;28;107,7;16,157;12,962;
25;222;31;104,8;16,341;18,027;
26;982;31;102,2;15,605;12,719;
27;566;34;107,1;15,562;12,751;
28;185;34;102,6;16,935;13,562;
29;1025;37;106,9;15,822;13,043;
30;1061;36;105,5;16,103;12,957;
31;944;37;106,8;15,789;12,724;
32;1098;38;103,8;16,000;13,065;
33;1135;38;102,9;16,000;12,854;
34;528;39;102,6;16,270;12,989;
35;907;41;106,3;15,589;12,681;
36;493;44;103,7;16,038;12,865;
37;458;46;103,8;15,508;12,692;
38;139;46;106,1;15,692;17,686;
39;740;47;104,7;15,508;12,562;
40;1354;47;106,3;16,589;13,254;
41;102;49;104,9;16,173;17,935;
42;422;50;104,8;15,865;17,638;
43;862;49;101,3;16,362;13,119;
44;825;52;106,9;15,605;17,043;
45;1317;50;105,8;16,373;13,189;
46;66;53;104,8;15,611;13,114;
47;386;52;105,9;15,719;12,789;
48;1281;53;106,4;16,135;17,714;
49;662;53;99,8;14,816;12,368;
50;697;53;98,8;19,962;13,389;
51;30;56;106,0;15,832;13,184;
52;350;55;104,7;15,562;17,049;
53;314;56;103,0;15,492;16,843;
54;625;56;105,6;15,249;16,486;
55;278;58;105,0;15,719;12,897;
56;789;57;98,6;15,605;12,616;
57;1237;58;101,0;15,984;17,562;
58;1163;60;106,2;15,751;12,886;
59;1201;59;105,3;15,968;12,968;
60;242;61;104,9;15,481;12,822;
61;589;61;105,7;15,476;12,605;
62;206;64;104,2;15,514;12,865;
63;967;65;100,7;15,492;17,249;
64;169;65;105,2;17,351;13,292;
65;1004;65;102,5;15,897;12,859;
66;552;67;105,4;15,632;12,681;
67;1042;68;105,3;15,822;12,778;
68;1079;68;106,1;15,951;12,886;
69;1118;70;104,9;16,141;12,989;
70;889;72;103,9;15,519;12,605;
71;928;71;103,9;15,535;16,968;
72;516;73;104,5;15,838;17,368;
73;481;77;103,3;15,362;12,762;
74;123;79;104,7;15,935;13,222;
75;445;80;104,3;15,162;16,897;
76;1370;79;84,9;16,295;13,837;
77;723;80;104,0;15,486;17,011;
78;847;81;104,6;15,384;12,492;
79;760;81;94,8;16,047;13,047;
80;1335;81;104,1;16,416;13,141;
81;87;82;105,2;16,481;13,514;
82;409;83;103,5;15,497;12,692;
83;373;85;105,3;15,692;12,789;
84;1297;85;104,7;16,146;12,908;
85;51;85;102,4;16,254;13,243;
86;812;85;100,9;16,346;12,951;
87;1260;85;105,5;16,130;17,254;
88;16;89;104,3;15,859;13,200;
89;647;86;96,2;15,667;13,093;
90;302;89;104,6;15,811;13,000;
91;338;89;102,8;15,638;12,876;
92;611;89;104,4;15,741;12,854;
93;1183;91;108,1;15,827;12,914;
94;1220;90;107,2;16,092;13,076;
95;266;92;105,3;15,622;17,135;
96;1146;92;107,9;15,476;12,670;
97;190;95;104,5;15,416;17,395;
98;230;95;104,6;15,589;12,935;
99;575;95;106,0;15,551;12,789;
100;984;96;105,2;15,881;12,789;
101;153;97;106,7;15,935;12,978;
102;690;95;93,0;16,194;13,023;
103;1021;97;104,3;15,930;12,768;
104;1058;101;102,8;15,454;12,654;
105;1094;100;104,9;15,422;17,146;
106;538;102;104,8;15,465;12,843;
107;912;103;105,9;15,784;17,259;
108;948;102;97,5;16,643;13,302;
109;872;107;108,5;15,589;12,773;
110;503;107;106,1;15,849;12,762;
111;467;110;104,6;15,805;12,800;
112;108;111;104,6;16,292;13,297;
113;431;112;104,0;15,984;12,838;
114;791;113;94,4;16,310;13,349;
115;1318;114;105,5;17,259;13,768;
116;72;115;102,8;15,978;13,259;
117;835;114;107,1;15,638;12,595;
118;1278;116;107,1;16,281;13,130;
119;396;116;101,4;16,346;13,108;
120;755;117;105,6;15,692;12,843;
121;36;118;106,9;16,319;18,308;
122;719;117;107,5;15,930;12,670;
123;1242;118;104,6;16,243;17,778;
124;361;119;104,0;15,649;12,914;
125;661;118;97,5;16,008;13,132;
126;1124;120;103,2;15,719;12,903;
127;325;123;104,9;15,865;17,843;
128;1203;121;102,8;16,038;13,059;
129;289;123;104,6;15,654;17,432;
130;1166;123;106,3;15,816;12,995;
131;601;124;104,3;15,638;17,065;
132;210;124;105,0;15,897;13,130;
133;253;126;98,7;15,481;12,876;
134;174;127;102,3;15,784;13,000;
135;138;130;103,5;15,989;13,319;
136;565;130;105,1;15,573;12,611;
137;971;130;106,9;15,578;16,973;
138;1008;130;104,6;16,000;12,919;
139;1043;133;104,9;16,524;13,189;
140;1079;133;107,4;15,562;12,681;
141;930;134;105,6;15,741;12,616;
142;528;136;106,2;15,681;12,681;
143;894;136;105,7;15,811;12,843;
144;488;140;101,3;15,719;17,319;
145;858;142;106,7;15,584;12,654;
146;451;143;104,8;15,676;12,757;
147;812;142;107,0;15,632;12,708;
148;1370;143;84,6;16,605;13,969;
149;94;144;103,3;15,811;13,178;
150;415;145;106,1;15,870;12,849;
151;696;145;90,1;16,016;13,116;
152;1335;144;102,3;16,459;13,438;
153;776;146;107,3;15,919;12,746;
154;1299;146;104,4;16,184;13,227;
155;1262;148;108,5;16,076;13,070;
156;57;147;106,1;16,238;13,330;
157;626;149;97,9;15,659;17,411;
158;1224;150;108,7;15,849;13,070;
159;738;150;105,7;15,476;12,632;
160;21;150;102,9;16,205;13,346;
161;661;153;107,4;16,443;17,265;
162;1109;152;102,5;15,795;12,989;
163;1146;153;108,1;16,130;17,730;
164;1185;153;105,1;16,086;17,276;
165;231;154;101,4;15,638;13,032;
166;349;152;96,1;15,946;13,457;
167;195;157;105,3;15,854;13,292;
168;312;156;104,7;15,676;12,930;
169;276;157;102,4;15,562;12,849;
170;589;158;100,7;15,611;12,778;
171;159;159;103,5;15,946;13,168;
172;953;161;107,2;15,465;12,741;
173;551;163;109,4;15,778;17,368;
174;990;162;103,8;15,627;12,697;
175;124;162;102,8;16,741;13,670;
176;1027;165;105,9;15,676;12,897;
177;1064;166;101,8;15,951;13,022;
178;917;168;107,7;15,622;17,124;
179;514;170;107,3;15,741;12,908;
180;835;170;102,0;15,832;17,503;
181;881;170;107,0;15,530;12,724;
182;478;174;105,0;15,730;12,795;
183;1354;175;101,6;16,238;13,405;
184;798;176;105,4;15,611;12,811;
185;1318;176;105,9;16,465;13,395;
186;79;176;106,3;15,968;13,454;
187;442;177;103,9;15,692;12,854;
188;1281;179;107,2;15,805;20,746;
189;42;180;107,1;15,973;18,195;
190;406;179;98,3;15,703;12,843;
191;760;179;102,3;15,627;12,735;
192;1244;180;106,6;15,930;13,243;
193;1207;181;109,5;15,962;13,027;
194;371;180;90,9;15,977;13,473;
195;253;184;106,6;15,924;13,124;
196;684;184;101,9;15,524;12,654;
197;720;182;100,1;15,989;12,800;
198;1167;184;106,2;15,886;13,086;
199;335;185;107,7;16,005;12,968;
200;1128;184;103,3;15,962;17,584;
201;647;186;105,2;15,411;12,724;
202;217;187;103,3;15,800;12,995;
203;1092;188;99,3;15,854;17,730;
204;182;190;103,7;16,141;13,341;
205;298;189;101,1;15,941;17,389;
206;611;189;97,8;15,616;12,859;
207;574;192;103,8;15,605;12,670;
208;146;193;105,9;16,330;13,373;
209;109;194;103,4;16,146;13,373;
210;1006;194;107,5;15,665;12,962;
211;970;194;105,3;15,638;12,730;
212;538;197;103,2;15,859;13,011;
213;858;198;105,1;15,568;12,692;
214;1048;199;103,7;15,730;13,022;
215;934;200;101,9;15,676;12,789;
216;500;203;107,0;15,611;12,805;
217;898;202;108,9;15,541;12,714;
218;463;207;106,9;16,346;13,259;
219;817;206;101,3;15,838;12,957;
220;1337;207;104,8;16,157;13,281;
221;1301;208;105,5;16,130;18,178;
222;63;209;105,1;15,919;13,200;
223;427;210;102,9;15,708;17,497;
224;781;209;107,2;15,892;12,984;
225;392;212;105,5;16,016;13,076;
226;1261;211;106,3;16,022;13,184;
227;741;213;107,6;15,643;12,978;
228;1225;212;104,8;16,184;13,195;
229;274;213;100,3;16,308;13,465;
230;356;214;105,1;15,643;12,957;
231;1189;214;106,8;15,886;13,124;
232;703;215;107,5;15,811;12,849;
233;238;216;101,6;15,881;13,211;
234;665;217;108,0;15,724;12,876;
235;1114;217;105,9;16,141;13,205;
236;1152;217;105,9;16,130;13,222;
237;202;219;105,9;15,903;13,270;
238;320;218;105,1;15,870;13,032;
239;629;220;105,4;15,686;12,838;
240;1076;221;106,4;15,849;13,011;
241;166;222;103,0;15,984;17,908;
242;131;225;105,3;16,054;17,984;
243;593;225;103,1;15,697;12,778;
244;990;226;105,9;15,935;13,032;
245;94;227;104,6;15,703;13,151;
246;1026;227;106,0;15,708;12,935;
247;557;230;102,6;15,714;12,897;
248;843;231;104,9;15,632;12,714;
249;954;231;106,3;15,822;12,903;
250;521;232;107,6;15,735;12,757;
251;879;233;105,1;15,492;12,670;
252;918;234;106,7;15,886;13,032;
253;484;235;105,9;15,616;12,730;
254;448;240;107,0;15,346;12,795;
255;1318;240;109,4;16,292;18,443;
256;798;241;102,7;15,751;12,957;
257;1280;243;105,7;16,243;13,459;
258;294;242;103,8;15,708;13,081;
259;413;243;104,2;15,757;12,914;
260;761;243;103,8;15,659;13,016;
261;46;243;101,0;16,205;13,762;
262;377;244;104,2;15,670;13,043;
263;1244;243;103,6;16,195;13,341;
264;1208;245;107,1;16,049;13,330;
265;258;245;104,6;16,200;13,395;
266;723;246;106,8;15,784;17,400;
267;341;248;107,8;15,730;17,416;
268;686;248;106,8;15,854;12,957;
269;1134;248;103,4;15,946;17,946;
270;1170;248;106,2;15,957;13,103;
271;223;249;104,2;15,984;13,368;
272;1055;249;106,0;16,157;18,254;
273;1098;249;107,1;16,297;18,141;
274;650;250;103,8;15,622;12,735;
275;187;252;104,9;15,881;17,951;
276;151;254;104,6;16,168;13,541;
277;614;255;105,3;15,886;13,124;
278;115;257;106,2;15,897;18,184;
279;78;258;106,4;16,043;13,422;
280;578;260;106,0;15,697;12,946;
281;977;260;104,9;15,789;12,968;
282;1013;260;106,8;15,773;13,043;
283;826;262;104,4;15,627;12,849;
284;542;263;105,3;15,849;17,519;
285;899;264;107,0;15,654;12,941;
286;506;264;104,8;15,524;12,746;
287;940;265;107,7;15,816;17,573;
288;862;265;104,7;15,686;12,800;
289;470;268;104,4;15,632;17,443;
290;1337;270;104,9;16,600;13,611;
291;434;273;104,7;15,514;12,692;
292;1300;273;107,2;16,265;13,524;
293;315;272;104,8;15,751;13,238;
294;781;273;106,0;15,703;12,892;
295;279;275;105,0;16,427;18,341;
296;744;275;106,0;15,627;13,032;
297;1262;274;105,3;16,011;13,292;
298;398;275;104,0;15,989;13,103;
299;1226;276;107,3;16,395;13,492;
300;243;278;104,2;15,903;13,259;
301;362;277;104,1;15,832;17,481;
302;29;277;103,6;17,043;14,038;
303;706;278;102,0;15,822;12,881;
304;1077;278;105,7;15,870;13,032;
305;1189;279;104,2;15,968;13,303;
306;670;280;105,4;15,795;12,881;
307;1117;280;106,8;16,178;13,351;
308;207;281;104,0;15,968;13,378;
309;1153;281;107,0;15,914;13,259;
310;171;283;103,6;16,005;13,276;
311;1041;284;107,0;15,773;13,032;
312;634;285;104,3;15,946;13,043;
313;135;287;108,6;15,941;13,443;
314;98;288;104,8;16,005;13,762;
315;599;290;105,8;15,741;13,092;
316;61;290;102,6;16,351;13,530;
317;962;293;104,8;15,432;12,924;
318;563;293;104,3;15,886;13,049;
319;810;294;107,2;15,859;13,016;
320;999;293;103,8;16,270;18,292;
321;919;294;102,4;15,930;13,043;
322;882;296;105,7;15,865;18,016;
323;491;298;101,7;16,005;15,708;
324;527;296;104,8;15,919;13,119;
325;846;298;105,9;15,784;13,076;
326;337;301;97,7;15,805;13,427;
327;454;301;96,9;16,961;18,550;
328;1320;303;106,0;16,443;18,411;
329;1283;304;105,3;16,259;13,578;
330;300;305;106,2;15,849;13,200;
331;419;305;104,2;16,081;13,178;
332;764;305;100,4;15,859;13,043;
333;1245;306;109,6;16,530;13,557;
334;727;306;105,7;16,146;17,816;
335;264;307;105,2;15,919;13,281;
336;383;308;99,0;16,059;13,222;
337;1096;311;121,7;17,066;13,891;
338;689;310;106,4;15,827;13,076;
339;1208;309;106,9;16,616;13,730;
340;228;311;105,2;15,795;13,411;
341;13;312;84,9;16,008;14,116;
342;1172;311;105,7;16,286;13,551;
343;193;314;104,8;16,000;13,568;
344;1135;313;106,4;16,043;13,378;
345;157;316;104,9;16,022;13,541;
346;654;316;103,4;15,849;12,968;
347;118;318;105,6;16,232;13,784;
348;1058;318;102,7;15,903;13,324;
349;82;320;103,5;16,335;13,838;
350;618;320;105,4;16,119;13,162;
351;1022;320;103,3;15,924;17,941;
352;46;321;100,4;16,427;13,951;
353;942;323;108,6;15,951;13,211;
354;583;324;100,6;16,416;18,027;
355;793;326;106,0;15,849;12,973;
356;902;326;104,8;15,978;13,135;
357;547;326;96,3;16,636;18,674;
358;980;325;96,5;16,442;18,310;
359;512;329;104,6;16,211;17,800;
360;865;328;107,1;15,757;13,011;
361;476;330;101,8;15,984;17,941;
362;829;330;106,0;15,946;13,157;
363;322;335;115,0;16,341;13,642;
364;440;334;103,7;15,924;13,216;
365;1370;334;86,8;16,884;14,357;
366;360;334;98,7;15,924;13,357;
367;1335;335;105,4;16,659;13,670;
368;1299;336;104,3;16,497;13,584;
369;285;339;103,4;15,643;13,362;
370;404;338;104,7;15,708;13,097;
371;747;337;99,9;16,481;13,416;
372;1263;337;105,3;16,346;13,730;
373;711;339;104,1;16,022;17,876;
374;249;340;103,0;16,049;13,454;
375;1227;340;106,3;16,297;13,611;
376;1190;342;104,2;16,557;13,665;
377;213;344;101,6;15,995;13,503;
378;1154;344;103,8;16,124;13,454;
379;1118;345;105,7;16,238;13,486;
380;178;347;104,8;16,157;13,600;
381;676;346;106,0;15,881;13,119;
382;1080;347;106,0;16,108;18,216;
383;140;350;118,7;16,886;14,175;
384;102;350;103,3;16,178;13,876;
385;640;350;102,9;15,849;13,097;
386;1043;351;106,2;16,032;13,351;
387;29;353;103,5;20,362;23,622;
388;65;351;105,7;18,308;23,611;
389;1005;352;107,6;15,854;17,643;
390;605;354;105,6;16,681;13,600;
391;775;357;107,8;16,070;13,114;
392;956;356;101,3;15,957;13,232;
393;570;358;102,1;16,049;13,297;
394;919;358;107,4;16,303;13,308;
395;534;360;105,5;16,151;13,335;
396;883;360;105,8;15,876;13,103;
397;463;363;106,2;15,795;17,638;
398;498;362;104,6;16,059;13,265;
399;811;362;107,2;16,097;13,308;
400;847;362;105,1;16,151;13,216;
401;380;364;106,1;15,978;13,384;
402;1354;365;106,6;16,292;18,292;
403;344;367;104,8;15,919;13,324;
404;425;367;107,4;16,486;13,595;
405;1318;367;105,3;16,492;13,784;
406;1282;368;105,9;16,422;13,692;
407;308;370;104,2;15,892;13,232;
408;729;370;104,0;16,097;13,330;
409;1246;370;104,2;16,422;13,654;
410;272;372;105,2;16,184;13,595;
411;1210;372;107,0;16,432;13,595;
412;235;374;111,6;16,489;13,799;
413;1173;374;106,3;16,357;13,697;
414;1137;376;106,5;16,108;18,357;
415;198;377;104,3;15,946;13,568;
416;1101;377;106,3;16,762;14,259;
417;693;377;100,2;16,108;17,968;
418;1064;379;107,5;16,119;16,789;
419;162;380;103,2;16,205;13,697;
420;982;380;104,6;15,973;13,265;
421;1025;382;107,2;16,276;13,443;
422;87;382;103,1;16,589;14,200;
423;624;383;96,8;16,434;13,767;
424;122;383;101,4;16,254;13,724;
425;659;382;101,0;18,022;14,405;
426;50;385;107,8;19,914;23,622;
427;15;386;91,9;17,233;15,783;
428;589;388;105,7;16,070;13,314;
429;939;388;106,2;15,930;13,195;
430;758;389;91,9;20,651;17,752;
431;902;390;105,4;15,735;13,211;
432;554;391;103,5;16,686;18,243;
433;401;393;102,4;15,919;13,227;
434;519;393;103,4;15,924;13,324;
435;866;393;105,5;15,957;13,157;
436;830;394;104,1;15,903;13,232;
437;448;395;104,2;16,038;18,022;
438;484;395;104,7;16,335;13,508;
439;794;394;107,5;16,108;13,281;
440;365;397;104,0;15,984;13,373;
441;1337;397;100,4;16,524;13,903;
442;1300;399;96,2;16,636;14,163;
443;330;400;104,1;15,881;13,454;
444;1265;401;104,1;16,805;14,000;
445;294;403;105,1;16,054;18,227;
446;1229;402;102,2;16,546;13,859;
447;258;405;104,9;15,708;14,076;
448;1193;404;102,3;16,935;14,086;
449;717;404;102,2;16,216;17,827;
450;1157;406;105,6;16,389;13,676;
451;222;408;104,8;15,951;18,303;
452;1121;408;104,8;16,503;13,795;
453;1084;409;108,5;16,319;13,611;
454;186;410;105,0;15,935;13,632;
455;1002;410;102,9;15,870;13,303;
456;1047;411;106,6;16,184;13,465;
457;677;412;104,7;16,081;13,395;
458;150;413;103,5;16,254;17,270;
459;640;415;104,2;16,032;17,838;
460;962;415;104,9;16,016;18,243;
461;73;415;100,0;16,314;13,968;
462;36;418;103,2;16,341;18,719;
463;114;417;101,0;16,432;13,957;
464;605;420;105,9;16,200;13,519;
465;923;420;105,0;15,973;13,227;
466;424;421;102,4;15,897;13,362;
467;886;423;107,4;16,000;13,438;
468;569;423;104,4;16,216;13,508;
469;387;426;106,2;16,146;13,681;
470;849;425;105,5;16,178;13,319;
471;533;426;105,4;16,173;13,578;
472;776;426;106,8;16,357;13,551;
473;813;425;106,6;16,254;13,411;
474;497;428;104,2;16,643;13,757;
475;351;429;102,6;16,027;13,541;
476;461;428;98,6;16,341;13,573;
477;1320;429;104,8;16,459;14,022;
478;741;431;97,8;16,114;13,470;
479;1284;431;104,6;16,530;14,049;
480;315;433;106,1;15,935;13,514;
481;1248;433;104,6;16,643;14,000;
482;279;435;105,9;16,168;18,454;
483;1212;434;105,7;16,935;14,865;
484;1176;436;104,2;16,643;13,897;
485;701;437;105,4;16,011;13,459;
486;243;438;103,9;16,308;13,665;
487;1024;439;102,4;16,151;13,503;
488;1104;440;106,6;16,200;13,676;
489;1140;438;104,6;16,205;13,541;
490;1066;440;107,8;16,303;13,568;
491;207;440;99,6;16,108;18,741;
492;171;443;104,8;16,108;13,762;
493;985;443;107,7;16,157;13,459;
494;93;445;105,4;16,751;14,384;
495;661;444;105,5;16,243;13,616;
496;135;446;107,4;16,232;13,751;
497;57;447;100,1;16,054;18,611;
498;20;450;108,2;16,584;13,919;
499;945;449;104,5;16,108;13,443;
500;626;450;104,1;16,108;13,578;
501;590;453;106,7;16,114;13,557;
502;907;452;108,4;16,254;18,341;
503;410;453;104,2;15,935;13,600;
504;553;456;108,7;16,243;13,697;
505;870;455;107,5;16,124;17,930;
506;833;457;106,9;16,130;13,427;
507;795;457;105,8;16,211;13,454;
508;516;458;106,7;16,151;13,562;
509;372;459;105,0;16,032;13,595;
510;1340;459;106,0;16,622;13,962;
511;480;460;105,4;16,443;13,778;
512;1304;461;103,4;16,703;19,032;
513;335;462;105,2;16,151;13,578;
514;759;462;104,3;16,130;13,486;
515;444;463;102,2;16,065;18,222;
516;1268;463;105,5;16,524;14,038;
517;299;465;106,0;16,514;13,773;
518;1232;465;105,8;16,286;13,811;
519;1196;467;107,1;16,427;13,768;
520;722;467;107,8;16,254;13,459;
521;263;468;104,4;16,314;13,719;
522;1160;469;105,4;16,600;13,914;
523;227;470;103,6;16,389;13,892;
524;685;471;106,8;16,254;13,503;
525;1009;471;106,1;16,114;13,589;
526;1048;471;107,3;16,254;13,795;
527;1123;470;105,3;16,232;18,865;
528;1087;472;108,0;16,303;18,568;
529;192;473;102,5;16,200;13,897;
530;113;474;96,7;16,876;14,403;
531;77;477;105,4;16,395;14,005;
532;155;476;105,1;16,108;13,697;
533;971;476;106,5;16,119;18,141;
534;648;478;108,2;16,427;13,600;
535;41;480;107,7;16,319;14,000;
536;929;481;105,8;16,351;18,508;
537;610;482;107,2;16,297;13,584;
538;574;485;107,6;16,324;13,557;
539;892;485;105,5;16,081;17,984;
540;395;486;103,4;16,222;13,670;
541;853;487;107,0;16,216;13,546;
542;538;488;105,6;16,141;13,708;
543;815;487;103,4;16,389;13,519;
544;1360;489;107,0;16,470;13,805;
545;502;491;105,5;16,173;13,654;
546;356;492;107,1;16,270;13,686;
547;779;492;105,7;16,605;13,714;
548;1323;491;104,1;16,654;14,092;
549;466;493;104,5;16,357;13,914;
550;1287;493;105,7;16,530;13,989;
551;320;494;104,5;16,119;13,778;
552;743;495;105,6;16,281;13,676;
553;1251;495;103,3;16,422;18,978;
554;429;496;104,9;16,265;13,535;
555;1215;497;105,3;16,589;13,995;
556;284;497;103,1;16,151;13,870;
557;1179;499;104,1;16,454;18,816;
558;248;500;104,5;16,205;13,951;
559;1143;501;104,2;16,384;13,886;
560;704;502;107,2;16,395;13,719;
561;1067;502;106,9;16,341;13,881;
562;212;503;104,8;16,205;13,968;
563;1031;503;106,7;16,286;13,849;
564;1107;503;107,4;16,730;14,076;
565;134;504;104,2;16,595;14,076;
566;994;504;106,5;16,373;13,719;
567;175;505;106,3;16,400;13,849;
568;98;507;104,8;16,557;14,086;
569;953;507;107,0;15,870;13,578;
570;667;508;107,4;16,346;13,681;
571;62;509;104,4;16,703;19,076;
572;26;512;101,6;16,486;14,119;
573;631;511;106,4;16,314;13,714;
574;914;514;108,8;16,308;13,751;
575;594;515;106,6;16,297;13,724;
576;875;516;107,5;16,286;18,378;
577;380;518;102,3;16,173;13,784;
578;558;518;103,3;16,308;13,816;
579;837;518;105,0;16,097;13,686;
580;800;520;104,7;16,395;13,611;
581;522;521;100,7;16,362;13,914;
582;1343;522;105,4;16,568;18,811;
583;486;523;95,3;16,798;14,333;
584;1306;523;104,4;16,368;14,124;
585;340;524;107,1;16,276;13,973;
586;764;524;106,1;16,357;13,789;
587;1271;525;103,6;16,454;14,022;
588;304;527;104,4;16,216;13,881;
589;450;525;103,2;16,622;18,708;
590;1235;527;103,6;16,557;14,076;
591;414;528;105,4;16,659;14,016;
592;728;528;99,4;16,395;13,589;
593;1199;529;103,2;16,476;13,984;
594;268;530;105,3;16,314;13,908;
595;1163;531;106,6;16,422;13,903;
596;232;533;107,1;16,330;13,946;
597;1087;533;107,4;16,319;13,984;
598;1049;534;107,2;16,227;13,859;
599;1127;534;102,2;16,351;13,962;
600;155;535;105,3;16,654;14,222;
601;195;535;102,5;18,903;18,373;
602;976;536;105,4;16,086;13,681;
603;1013;535;106,1;16,238;13,843;
604;119;536;106,5;16,400;19,243;
605;690;536;107,3;16,243;13,795;
606;47;542;98,3;16,530;14,059;
607;83;539;97,4;17,132;14,612;
608;652;541;109,0;16,341;18,422;
609;939;541;106,2;15,789;13,411;
610;615;544;105,5;16,335;13,773;
611;13;543;81,3;17,124;20,515;
612;896;545;104,3;16,259;19,216;
613;579;548;105,2;16,676;19,038;
614;858;548;104,4;16,081;13,708;
615;365;550;103,4;16,773;18,957;
616;543;551;105,4;16,541;18,524;
617;822;552;105,9;16,411;13,865;
618;786;553;104,3;16,465;18,524;
619;507;553;105,0;16,486;13,876;
620;471;556;105,7;16,454;14,005;
621;1352;556;103,9;16,751;14,254;
622;324;557;107,9;16,627;14,119;
623;751;558;103,0;16,719;14,000;
624;1315;558;104,7;16,632;14,314;
625;435;558;104,2;15,654;13,265;
626;1279;560;105,0;16,546;14,189;
627;288;560;104,9;16,341;18,665;
628;399;560;105,7;16,524;14,049;
629;715;562;105,1;18,043;20,962;
630;1243;561;104,7;16,297;14,103;
631;252;563;106,8;16,470;14,124;
632;1207;564;105,5;16,497;14,114;
633;215;565;107,1;16,551;14,081;
634;177;565;107,1;16,989;14,584;
635;1072;566;104,8;16,465;14,043;
636;1036;567;104,7;16,232;14,103;
637;1110;564;89,9;17,287;14,605;
638;1169;566;102,4;17,124;14,535;
639;140;568;95,7;16,907;14,550;
640;104;569;106,2;16,686;14,222;
641;675;569;106,3;16,314;13,827;
642;999;569;104,0;16,059;13,789;
643;68;572;104,9;16,497;14,097;
644;32;574;104,9;16,589;19,141;
645;636;573;105,7;16,897;14,119;
646;600;577;106,1;16,416;13,924;
647;878;578;106,7;16,438;18,984;
648;915;577;99,9;16,189;14,000;
649;564;581;105,3;16,530;14,070;
650;350;582;102,1;16,541;14,027;
651;527;583;106,4;16,578;18,930;
652;840;582;107,4;16,681;14,011;
653;491;586;105,0;16,557;14,119;
654;802;585;107,6;16,524;14,054;
655;1370;586;85,6;17,062;14,977;
656;455;589;105,0;16,416;14,005;
657;1335;588;104,8;16,551;14,319;
658;766;590;106,7;16,600;14,054;
659;307;591;105,2;16,503;14,124;
660;420;591;105,0;16,492;14,146;
661;1299;590;106,0;16,605;14,238;
662;1263;592;106,4;16,811;19,389;
663;271;593;105,9;16,454;14,178;
664;383;594;103,7;16,438;18,724;
665;730;594;104,2;16,362;14,011;
666;1226;594;105,4;16,508;14,341;
667;1190;595;106,2;16,449;14,086;
668;197;596;107,4;16,330;14,027;
669;235;596;105,4;16,578;19,081;
670;161;598;104,4;16,622;14,254;
671;1153;597;99,5;17,222;14,405;
672;695;599;104,9;16,519;14,049;
673;1118;598;106,2;16,573;14,135;
674;125;599;104,6;16,541;14,357;
675;658;601;108,3;16,605;18,843;
676;1082;600;106,2;16,454;14,119;
677;89;602;104,2;16,400;13,995;
678;1045;602;103,1;16,395;13,914;
679;53;604;104,8;16,470;19,081;
680;1008;603;103,3;16,562;14,022;
681;17;607;104,8;16,265;14,070;
682;622;607;106,7;16,459;14,032;
683;971;605;100,1;16,351;13,951;
684;934;608;108,5;16,222;13,919;
685;585;610;105,8;16,562;14,146;
686;895;609;106,9;16,589;14,005;
687;335;613;106,6;16,816;14,351;
688;548;613;106,6;16,324;14,049;
689;859;613;106,6;16,405;14,043;
690;511;616;106,4;16,600;19,151;
691;823;615;106,0;16,562;14,146;
692;475;618;105,9;16,622;14,124;
693;787;619;105,3;16,638;14,189;
694;440;621;105,7;16,762;14,411;
695;1319;620;105,1;16,908;14,351;
696;291;623;105,6;16,681;14,351;
697;404;624;105,1;16,643;19,178;
698;751;624;105,6;16,449;13,989;
699;1246;624;104,4;16,557;14,222;
700;1283;622;98,2;21,562;15,859;
701;1210;626;106,5;16,595;14,216;
702;254;626;105,5;16,595;14,238;
703;368;626;100,0;16,546;18,962;
704;217;627;107,9;16,535;14,259;
705;1173;627;105,6;16,649;14,254;
706;715;628;104,6;16,503;14,108;
707;181;628;103,6;16,265;14,086;
708;145;629;104,6;17,259;16,546;
709;1136;629;104,9;16,714;14,259;
710;109;632;104,4;16,595;19,341;
711;1101;631;102,7;16,686;14,222;
712;679;631;105,2;16,643;14,184;
713;1064;632;107,1;16,486;14,211;
714;1028;634;105,8;16,595;14,022;
715;73;634;105,3;16,811;14,395;
716;644;635;104,6;16,649;19,141;
717;991;637;107,3;16,449;14,097;
718;37;637;104,3;16,643;14,162;
719;954;638;109,3;16,330;13,973;
720;607;640;107,1;16,686;19,281;
721;916;639;105,5;16,427;14,081;
722;569;643;108,4;16,595;14,189;
723;879;642;106,0;16,584;14,081;
724;532;646;106,5;16,503;19,195;
725;843;646;102,9;16,470;14,038;
726;319;646;91,9;17,101;14,682;
727;496;648;104,5;16,654;14,357;
728;808;649;106,2;16,541;14,032;
729;460;651;105,5;16,686;19,011;
730;1338;650;105,1;16,638;14,341;
731;772;653;104,2;16,368;14,000;
732;1302;652;104,9;16,757;14,411;
733;424;654;104,5;16,535;14,168;
734;1265;654;104,9;17,011;14,524;
735;1229;656;105,5;16,757;14,503;
736;388;656;105,3;16,751;14,357;
737;279;658;106,8;16,632;18,978;
738;1193;657;106,4;16,843;14,384;
739;238;658;106,6;16,627;14,432;
740;736;658;106,5;16,454;14,086;
741;352;659;106,9;16,773;14,281;
742;1156;659;105,4;16,735;14,341;
743;202;660;106,1;16,622;14,438;
744;700;661;103,8;16,497;14,157;
745;1120;661;106,9;16,530;14,168;
746;165;661;106,4;16,686;14,308;
747;129;662;105,6;16,692;14,205;
748;1083;663;105,9;16,800;14,330;
749;1047;664;104,4;16,476;14,108;
750;93;665;102,1;16,605;14,200;
751;664;664;104,1;16,627;14,184;
752;58;667;105,5;16,254;14,076;
753;1010;666;103,6;21,097;15,611;
754;628;669;106,0;16,670;19,097;
755;972;669;108,2;16,578;14,135;
756;21;669;102,2;16,351;14,086;
757;935;670;103,7;17,059;14,454;
758;590;672;108,3;16,757;19,303;
759;899;672;98,7;16,708;14,211;
760;553;675;105,9;17,086;19,832;
761;863;676;104,7;16,605;14,265;
762;516;678;104,9;16,897;14,541;
763;827;679;107,3;16,616;14,124;
764;480;681;105,4;16,697;14,351;
765;1322;682;106,1;16,768;14,497;
766;792;683;105,9;16,400;14,184;
767;1285;684;107,4;17,076;19,773;
768;444;684;105,2;16,541;14,211;
769;408;686;104,1;16,568;19,405;
770;1249;686;105,7;16,611;14,422;
771;301;686;105,8;16,676;14,541;
772;1212;687;106,6;16,919;19,643;
773;258;688;106,6;16,703;14,330;
774;756;688;107,1;16,611;14,178;
775;372;688;104,6;16,762;14,476;
776;1176;689;104,7;16,832;14,470;
777;222;690;104,8;16,914;14,524;
778;336;691;104,2;16,611;19,092;
779;720;691;105,9;17,281;14,481;
780;1140;691;107,4;16,670;14,351;
781;185;693;105,6;16,816;14,265;
782;1102;693;107,9;16,492;14,303;
783;149;694;103,1;15,741;13,968;
784;684;694;100,0;17,032;14,454;
785;1066;694;104,5;16,670;14,416;
786;114;696;105,5;16,481;19,389;
787;1030;696;106,3;16,697;14,378;
788;41;699;108,0;16,503;14,178;
789;78;698;106,1;16,584;14,400;
790;649;697;101,5;18,314;15,081;
791;994;699;105,0;16,535;14,232;
792;612;701;107,5;17,086;14,481;
793;957;702;107,0;16,449;14,286;
794;573;705;108,8;16,627;14,243;
795;921;704;107,6;16,870;14,373;
796;884;706;107,2;16,454;14,189;
797;537;708;106,5;16,681;14,486;
798;848;709;106,9;16,319;14,103;
799;500;711;106,9;16,703;14,351;
800;1342;712;106,2;17,168;14,622;
801;464;713;106,3;16,768;14,416;
802;812;713;107,1;16,784;14,249;
803;1305;714;105,5;16,811;14,508;
804;1269;716;105,8;16,676;14,362;
805;280;716;107,6;16,822;14,622;
806;428;716;106,5;16,784;14,346;
807;776;717;104,6;17,146;14,449;
808;1232;718;105,1;16,838;14,497;
809;392;719;105,0;16,854;14,519;
810;1195;719;106,8;16,800;14,600;
811;242;720;105,4;17,205;14,843;
812;356;721;104,4;16,805;14,411;
813;740;720;106,2;16,735;14,249;
814;1159;721;104,1;16,849;19,670;
815;205;723;106,6;17,005;19,449;
816;320;723;107,9;16,703;14,384;
817;1123;723;105,0;16,708;19,681;
818;169;725;106,7;16,816;14,395;
819;704;724;106,3;16,692;14,292;
820;1085;725;106,9;16,962;14,724;
821;133;726;103,8;16,768;19,243;
822;1049;727;107,1;16,714;14,362;
823;668;727;101,9;16,697;14,297;
824;97;728;102,9;16,708;14,486;
825;61;730;99,2;17,059;14,465;
826;1012;730;105,6;16,811;14,405;
827;631;731;105,6;16,886;14,708;
828;595;733;106,8;16,811;14,470;
829;977;733;105,4;16,838;19,389;
830;941;734;103,7;16,665;14,286;
831;558;737;101,5;16,724;14,465;
832;905;737;107,1;16,546;19,286;
833;868;739;107,6;16,459;14,270;
834;521;740;106,4;16,800;19,708;
835;1361;742;105,7;16,665;19,827;
836;485;743;107,3;16,962;14,800;
837;832;743;106,0;16,427;14,135;
838;1324;743;104,3;16,638;14,562;
839;448;746;106,4;16,892;14,432;
840;1288;746;105,1;16,649;14,503;
841;1252;747;105,3;16,697;14,519;
842;412;749;105,3;17,108;14,605;
843;296;749;105,1;16,638;19,405;
844;1215;749;105,7;16,805;14,519;
845;761;750;105,0;16,724;14,222;
846;797;750;105,9;16,903;14,351;
847;260;751;105,8;17,703;15,065;
848;376;751;106,9;17,773;20,324;
849;1179;751;104,3;16,751;14,784;
850;725;754;104,3;16,405;14,200;
851;1143;753;107,0;16,903;19,405;
852;224;753;104,0;17,011;14,632;
853;340;753;106,8;16,822;14,514;
854;1106;754;105,2;16,843;14,497;
855;188;755;104,5;16,816;19,562;
856;688;757;107,6;16,903;14,416;
857;1069;757;106,9;16,768;14,438;
858;152;757;103,4;16,686;14,519;
859;652;760;106,5;16,746;14,308;
860;1033;760;104,9;16,665;14,454;
861;117;760;103,6;17,951;15,076;
862;46;762;105,2;16,497;14,486;
863;82;761;104,4;16,751;19,459;
864;997;763;104,0;16,719;19,286;
865;615;763;107,4;16,973;14,632;
866;579;766;108,5;16,881;14,514;
867;961;765;105,4;16,768;19,330;
868;925;768;104,8;16,557;14,157;
869;542;770;106,2;16,843;14,611;
870;889;770;104,6;16,605;14,178;
871;505;773;106,2;16,876;14,454;
872;853;772;105,3;16,384;14,097;
873;1344;774;107,4;16,681;14,589;
874;469;776;105,4;17,011;14,757;
875;1308;776;104,9;16,751;19,303;
876;1236;779;105,3;16,789;14,584;
877;1272;777;103,2;16,811;19,865;
878;433;779;105,4;16,930;14,654;
879;818;779;103,9;16,578;18,859;
880;317;779;107,2;16,778;14,514;
881;281;782;106,8;16,897;19,719;
882;1199;781;108,0;16,784;14,530;
883;397;782;106,2;16,843;14,584;
884;781;782;104,4;17,043;14,303;
885;244;784;103,1;16,762;14,292;
886;360;784;107,3;16,811;14,454;
887;745;783;104,9;16,530;14,941;
888;1162;783;107,0;16,568;14,519;
889;1125;785;106,6;17,043;14,941;
890;209;786;105,6;16,676;14,530;
891;709;786;104,9;16,741;19,005;
892;1089;787;105,4;16,892;14,459;
893;173;788;104,9;16,838;14,573;
894;673;790;106,2;16,870;14,541;
895;1053;790;104,4;16,741;14,449;
896;137;790;103,7;16,773;14,541;
897;101;792;102,5;16,519;14,173;
898;1017;792;105,4;16,784;18,005;
899;29;794;104,2;16,584;14,411;
900;65;793;102,7;16,438;14,303;
901;635;793;107,2;16,870;14,438;
902;981;795;105,6;16,757;14,351;
903;599;796;105,1;16,827;14,595;
904;945;797;104,9;16,741;14,384;
905;562;799;106,3;17,059;14,741;
906;909;801;105,1;16,622;14,286;
907;526;802;107,3;17,022;14,627;
908;872;804;105,2;16,584;14,097;
909;1364;804;106,7;16,789;14,627;
910;490;805;105,8;16,903;19,908;
911;1327;805;106,6;17,876;15,178;
912;454;809;107,3;16,849;14,670;
913;1291;807;103,4;16,768;14,632;
914;337;809;105,3;16,789;14,751;
915;1219;811;104,9;16,616;14,541;
916;1255;809;104,4;16,924;14,714;
917;837;811;104,1;16,573;14,303;
918;300;812;104,2;16,865;14,568;
919;418;811;100,7;16,649;14,546;
920;802;813;107,2;16,703;19,222;
921;1182;813;105,4;16,611;14,535;
922;264;814;105,2;16,849;14,476;
923;765;814;104,8;16,665;14,368;
924;1145;815;104,7;16,708;14,584;
925;228;816;105,5;16,789;14,600;
926;730;816;105,9;16,605;14,308;
927;383;816;103,1;18,941;15,843;
928;1109;817;105,5;16,768;14,492;
929;193;819;106,6;16,973;14,697;
930;694;819;106,0;17,276;14,789;
931;1073;820;106,5;16,816;14,514;
932;156;821;106,8;16,989;14,789;
933;657;822;107,1;17,222;14,676;
934;120;822;105,5;17,092;14,665;
935;1037;822;105,7;16,924;19,476;
936;85;823;105,0;16,914;14,816;
937;1001;825;107,4;16,611;14,459;
938;49;825;104,1;16,968;14,654;
939;619;826;104,7;16,811;20,000;
940;965;827;104,6;16,524;14,443;
941;14;828;93,1;16,682;14,713;
942;583;829;104,9;16,773;14,622;
943;929;830;107,4;16,773;14,335;
944;547;832;105,0;16,708;14,638;
945;511;835;106,6;16,924;14,741;
946;893;834;105,4;16,600;14,254;
947;1346;835;104,6;16,805;14,697;
948;1310;837;104,4;17,378;19,903;
949;356;839;105,0;16,897;19,692;
950;475;838;104,5;16,892;14,757;
951;1275;839;103,1;16,784;14,676;
952;858;841;106,2;16,632;14,395;
953;1239;841;104,7;16,805;20,232;
954;320;842;101,2;16,838;14,638;
955;439;842;104,6;17,092;14,859;
956;1203;843;105,8;16,816;14,530;
957;284;844;103,6;16,778;14,519;
958;822;844;105,3;16,643;19,238;
959;403;845;105,2;17,038;14,719;
960;1166;845;104,8;16,741;14,373;
961;786;846;98,5;16,778;19,351;
962;248;846;103,5;16,973;14,795;
963;1129;847;106,6;16,795;14,627;
964;212;849;103,0;16,859;14,670;
965;716;849;101,7;16,438;19,470;
966;751;848;101,4;18,935;15,659;
967;679;851;104,3;16,751;14,378;
968;1093;849;101,8;16,730;14,627;
969;176;851;102,9;17,000;14,735;
970;1058;852;103,4;16,859;19,665;
971;140;853;103,4;16,903;14,778;
972;104;854;104,8;16,605;19,470;
973;642;854;107,2;16,800;14,562;
974;1022;855;104,6;17,000;19,611;
975;68;855;105,1;16,686;14,584;
976;604;858;108,0;17,643;15,249;
977;986;857;105,6;16,968;14,600;
978;950;860;104,9;16,627;14,297;
979;32;860;106,6;16,735;14,562;
980;568;861;105,1;17,027;14,784;
981;913;863;102,4;16,341;14,346;
982;532;865;106,4;16,995;14,773;
983;1366;865;105,8;16,578;14,697;
984;496;868;106,6;17,081;14,876;
985;1330;867;104,6;16,703;14,578;
986;377;869;107,4;16,827;14,703;
987;1294;869;104,2;16,768;14,589;
988;460;871;105,0;16,962;14,805;
989;339;873;106,4;16,789;14,422;
990;879;871;105,1;16,503;14,470;
991;1258;871;105,8;16,784;14,746;
992;1222;873;103,8;16,605;14,573;
993;302;874;105,6;17,070;19,751;
994;843;874;104,8;16,546;14,459;
995;1186;874;108,2;16,649;14,611;
996;423;874;107,0;17,119;14,903;
997;807;876;105,2;16,514;14,616;
998;267;877;101,9;16,968;14,924;
999;1150;877;105,1;16,768;19,616;
1000;231;878;106,3;18,470;15,492;
1001;771;878;105,0;16,503;14,600;
1002;699;880;105,2;16,957;14,735;
1003;1113;879;104,3;16,789;19,497;
1004;735;881;106,2;16,951;19,708;
1005;196;881;102,9;16,686;14,595;
1006;663;883;103,6;16,886;14,605;
1007;1078;882;103,4;16,865;14,778;
1008;159;882;104,7;17,459;14,951;
1009;1042;884;104,5;16,941;19,551;
1010;123;885;105,9;16,854;19,481;
1011;86;886;107,2;16,703;14,503;
1012;626;887;107,2;16,886;14,595;
1013;1006;887;105,3;16,400;14,514;
1014;589;891;105,8;17,130;14,811;
1015;970;890;102,1;16,530;14,378;
1016;51;891;106,1;16,465;14,459;
1017;933;893;105,6;16,508;14,324;
1018;16;894;98,5;17,135;14,595;
1019;552;894;104,6;16,989;14,686;
1020;1350;897;105,4;16,654;14,654;
1021;397;898;106,0;17,049;14,876;
1022;516;898;103,0;17,043;14,611;
1023;1314;899;102,2;16,535;19,643;
1024;361;901;104,9;17,027;14,805;
1025;481;901;105,4;17,335;15,038;
1026;1278;901;105,1;16,946;14,800;
1027;899;902;103,9;16,962;14,546;
1028;1242;903;106,1;16,757;14,659;
1029;445;904;107,3;16,503;14,519;
1030;863;904;104,9;16,427;19,578;
1031;321;904;102,0;16,941;14,951;
1032;1206;905;104,8;16,989;20,168;
1033;827;906;105,2;16,616;14,632;
1034;285;908;105,4;17,038;14,843;
1035;1170;907;103,3;16,654;19,838;
1036;791;908;100,9;16,476;19,438;
1037;249;910;103,4;16,957;14,665;
1038;755;911;102,6;16,838;14,524;
1039;1134;910;105,2;16,951;14,719;
1040;214;912;105,5;17,195;14,946;
1041;683;913;106,7;16,865;14,627;
1042;1098;912;103,6;16,886;14,838;
1043;178;913;104,3;16,800;19,616;
1044;719;913;103,1;16,735;14,627;
1045;1062;914;107,0;16,746;14,632;
1046;142;915;105,0;16,665;15,065;
1047;647;916;107,6;16,946;14,686;
1048;104;917;107,2;16,481;14,616;
1049;1026;917;105,8;16,670;14,622;
1050;610;919;107,6;16,924;14,827;
1051;990;920;104,3;16,768;14,514;
1052;69;922;104,7;16,535;14,638;
1053;573;923;107,4;17,649;15,200;
1054;954;922;104,3;16,676;14,503;
1055;538;927;107,0;17,243;20,189;
1056;32;926;105,5;16,795;14,665;
1057;418;928;106,1;16,941;14,811;
1058;1369;927;92,7;16,884;15,271;
1059;1334;929;103,2;16,681;19,789;
1060;502;930;104,7;16,995;20,427;
1061;383;932;103,2;16,995;14,881;
1062;920;932;107,3;16,946;14,654;
1063;1262;933;105,1;16,541;14,849;
1064;1298;931;104,7;16,432;14,638;
1065;344;936;126,1;18,306;15,724;
1066;465;934;106,0;17,011;19,903;
1067;884;935;103,8;16,832;14,665;
1068;1225;935;104,8;16,643;14,822;
1069;848;936;105,0;16,692;14,703;
1070;305;938;104,4;16,811;14,984;
1071;1189;937;105,6;16,649;20,076;
1072;812;939;105,1;16,627;14,454;
1073;1154;939;105,2;16,632;19,686;
1074;269;940;104,8;17,054;15,065;
1075;776;941;104,3;16,622;14,557;
1076;233;942;105,1;17,059;14,865;
1077;1118;942;105,3;16,649;14,551;
1078;740;943;105,3;16,962;14,751;
1079;197;944;104,1;16,757;19,692;
1080;1082;944;105,6;16,654;14,714;
1081;668;945;104,8;16,789;19,946;
1082;704;945;105,0;16,984;14,827;
1083;161;946;106,2;16,530;14,562;
1084;125;947;106,4;16,741;14,741;
1085;1046;947;102,7;16,795;14,589;
1086;632;948;106,3;17,195;14,870;
1087;1010;949;105,3;16,751;14,746;
1088;595;952;107,0;16,924;14,832;
1089;89;952;101,6;16,903;14,784;
1090;974;952;106,3;16,789;14,724;
1091;53;954;102,9;18,800;16,070;
1092;559;956;104,4;16,951;14,903;
1093;439;957;106,2;17,130;15,054;
1094;17;959;106,7;16,189;14,600;
1095;1354;959;109,9;16,768;20,357;
1096;523;960;104,6;17,022;14,968;
1097;402;961;106,5;17,016;14,811;
1098;1318;961;102,3;16,822;14,719;
1099;939;962;105,4;16,611;14,632;
1100;487;963;107,6;17,314;20,470;
1101;1282;963;104,3;16,616;14,827;
1102;903;965;105,7;16,854;14,805;
1103;1246;965;104,5;16,573;14,784;
1104;367;967;103,1;16,957;14,924;
1105;868;967;105,0;17,043;14,741;
1106;1209;967;103,8;16,443;14,708;
1107;832;969;104,6;16,805;19,822;
1108;324;969;102,2;17,076;14,941;
1109;1173;969;105,3;16,584;14,719;
1110;288;971;105,3;16,924;14,859;
1111;796;971;104,6;16,654;14,811;
1112;1138;972;103,8;16,686;19,941;
1113;252;972;104,9;17,216;15,038;
1114;760;974;103,4;16,714;14,519;
1115;216;975;103,5;16,557;14,465;
1116;724;975;106,2;16,676;14,649;
1117;1102;974;104,0;16,589;14,643;
1118;180;977;105,2;16,551;19,649;
1119;653;977;105,0;16,903;17,070;
1120;689;978;105,5;16,681;14,741;
1121;1066;977;106,1;16,822;14,849;
1122;144;979;105,7;16,486;19,697;
1123;616;981;106,6;17,011;14,838;
1124;1030;979;104,5;16,778;14,784;
1125;108;982;106,3;17,189;15,086;
1126;994;982;105,4;16,643;14,643;
1127;71;984;109,1;19,622;28,638;
1128;581;985;105,4;16,962;14,941;
1129;460;986;106,6;17,189;15,146;
1130;36;989;95,4;17,202;20,147;
1131;545;989;104,3;17,043;15,043;
1132;424;990;105,3;16,870;14,989;
1133;959;991;106,2;16,730;14,692;
1134;1337;991;103,3;16,578;14,838;
1135;509;993;105,5;17,270;15,135;
1136;1302;993;104,1;16,697;19,968;
1137;923;995;104,1;16,373;14,686;
1138;388;996;105,9;16,941;15,849;
1139;1265;995;103,6;16,476;14,805;
1140;346;997;111,4;16,721;14,742;
1141;1230;998;101,6;17,059;14,562;
1142;852;999;106,9;16,622;14,681;
1143;887;999;102,4;16,703;14,557;
1144;1194;1000;104,4;16,638;14,757;
1145;308;1001;104,8;17,205;17,286;
1146;816;1002;106,5;16,541;14,524;
1147;1158;1002;104,2;16,822;14,832;
1148;272;1004;105,3;16,876;19,638;
1149;1121;1005;104,6;16,670;14,670;
1150;236;1005;105,7;16,941;14,757;
1151;1086;1007;107,1;16,714;14,724;
1152;200;1008;104,4;16,584;14,622;
1153;708;1010;93,1;16,884;14,178;
1154;164;1010;106,5;16,746;14,676;
1155;637;1011;103,5;17,470;15,005;
1156;673;1011;104,2;16,811;14,600;
1157;1049;1010;106,8;16,697;14,703;
1158;129;1012;104,9;16,605;19,643;
1159;1013;1013;104,6;16,676;14,600;
1160;602;1014;102,6;17,092;14,995;
1161;93;1015;101,9;16,897;15,168;
1162;483;1015;94,2;17,434;15,434;
1163;566;1017;91,4;17,612;15,643;
1164;57;1017;88,5;17,047;15,628;
1165;445;1018;85,9;17,791;15,984;
